Date,AAPL,ABB,ADBE,AEP,AMGN,AMZN,BA,BBD,BP,BTI,C,CAT,CB,CELG,CODI,COST,CRH,CVS,D,E,EIX,EOG,ETN,FDX,GOOGL,GSK,HMC,HON,HRG,IEP,INTC,JNJ,JPM,MDLZ,MS,MSFT,NEE,NFLX,NVDA,NVS,OKE,OXY,PICO,REX,RIO,SAP,SCHW,SU,TM,TSM,UN,WBA,WEC,WMT
2010-02-23,0.5388472,0.35361984,0.05830802,0.9416353,0.4007932,0.13000786,0.9971414,0.32250038,0.7750846,0.9756564,0.4896912,0.7730993,0.98047733,0.6629182,0.552385,0.990457,0.7880714,0.923743,0.70194274,0.3410411,0.34023285,0.3881776,0.99860615,0.526779,0.48677,0.85180783,0.99078065,0.8782286,0.9892625,0.9889233,0.94166034,0.91365427,0.040426936,0.65976727,0.22107622,0.8295703,0.034834504,0.3285478,0.57358146,0.64502466,0.97731733,0.042762466,0.73344177,0.7021298,0.07392687,0.48561546,0.3977166,0.023547703,0.016172823,0.42672962,0.24132568,0.015380218,0.73955375,0.9964491
2010-03-23,0.4278721,0.99630296,0.7574632,0.71729565,0.3146147,0.9886135,0.9814974,0.33173573,0.056341644,0.86998785,0.15751873,0.9627923,0.31973842,0.98925275,0.84162843,0.9701025,0.42114627,0.9618341,0.6635672,0.046548527,0.27228418,0.32339773,0.84415424,0.99835616,0.5677243,0.34720805,0.0033339458,0.8213977,0.2661179,0.34754014,0.989419,0.0061765215,0.8511769,0.11642214,0.97246325,0.2266979,0.008836878,0.6812376,0.86182004,0.6372022,0.33949485,0.4033397,0.98608935,0.21001233,0.997664,0.119189,0.14745976,0.033070218,0.83351696,0.011412936,0.08085237,0.0017843863,0.38513222,0.4537755
2010-04-21,0.8211589,0.1383135,0.086945936,0.034131672,0.69582045,0.49617884,0.035442814,0.92926705,0.36206973,0.10041368,0.035600454,0.998353,0.76146656,0.56982905,0.5724688,0.026931103,0.2029782,0.86484843,0.6726556,0.02310942,0.13377722,0.021346642,0.99450076,0.60880053,0.2614544,0.23903102,0.0021879007,0.00576818,0.5064173,0.99229383,0.5705275,0.43988818,0.32585278,0.24777,0.06936584,0.85501957,0.10989174,0.9025201,0.030589536,0.8683901,0.9224422,0.9442173,0.5963618,0.532944,0.6202839,0.91337353,0.28240457,0.98584366,0.008235806,0.24298573,0.005149725,0.4034808,0.053679653,0.045293983
2010-05-19,0.7811841,0.029717937,0.83321935,0.9428793,0.033494525,0.0121117635,0.7180031,0.87011266,0.59261924,0.96016115,0.0073038084,0.99213046,0.8002507,0.9598082,0.9832077,0.5369757,0.10154272,0.7567348,0.9756133,0.19495878,0.7119442,0.32008556,0.9469926,0.98692316,0.06532901,0.0026408338,0.42626557,0.99799746,0.45442623,0.95896703,0.5315688,0.07198596,0.6276905,0.6317064,0.86410654,0.021494884,0.9750353,0.09250328,0.037227906,0.091462485,0.99954885,0.2002978,0.18202619,0.9260845,0.995544,0.45633176,0.25722542,0.19841778,0.7277792,0.76184577,0.09445413,0.014020195,0.9858068,0.4454516
2010-06-17,0.99816763,0.9859067,0.33287802,0.01285413,0.09262883,0.88615406,0.4822543,0.84106946,0.86841017,0.9953786,0.16747157,0.7898985,0.0026378764,0.6653358,0.93956643,0.097676896,0.99382716,0.7375771,0.9988919,0.05291519,0.15390505,0.82811797,0.9970114,0.03758336,0.2950819,0.8692774,0.7737078,0.94961077,0.23788518,0.9431607,0.9874351,0.5025819,0.9969633,0.64512414,0.093338504,0.0035830697,0.27536592,0.92204744,0.9777344,0.6181431,0.7170653,0.011459076,0.006503755,0.6053317,0.9785678,0.7687116,0.30111456,0.3646357,0.93376714,0.5359082,0.6232158,0.8732779,0.80328745,0.38209763
2010-07-16,0.8786922,0.9043247,0.11353336,0.992002,0.7876662,0.184785,0.99024993,0.9881444,0.86055106,0.0055211554,0.8886178,0.9898268,0.5616267,0.6574688,0.2515743,0.0135059105,0.550614,0.00441828,0.64552927,0.91133946,0.80846035,0.029747944,0.0726936,0.1414289,0.063293226,0.9858897,0.36990362,0.9145072,0.51953197,0.048588555,0.95737296,0.70040476,0.40434483,0.5848254,0.6521028,0.005721882,0.9901362,0.60150886,0.0017183946,0.768509,0.9186639,0.5258478,0.23555438,0.96908915,0.96493375,0.6922638,0.090109706,0.6584848,0.1170924,0.7792548,0.7879505,0.53141266,0.87808037,0.061315287
2010-08-13,0.07399895,0.9885816,0.64827156,0.98024106,0.026784752,0.9057779,0.9972799,0.8515125,0.024348762,0.6198399,0.5153349,0.9641427,0.0103390515,0.9951251,0.9642593,0.0067606606,0.020113258,0.030396687,0.9978695,0.94001836,0.06342942,0.0065418305,0.9092096,0.25360903,0.55848324,0.60167605,0.3024246,0.54527485,0.0030304831,0.7317465,0.7881945,0.006591907,0.47382382,0.27076748,0.6737851,0.7042106,0.5795376,0.75850075,0.00094744883,0.9924022,0.94926786,0.0012099924,0.022266608,0.93094444,0.99921167,0.33228546,0.43050492,0.42960063,0.05358704,0.26783338,0.089582756,0.012149161,0.959338,0.78523034
2010-09-13,0.97198844,0.14505927,0.3127425,0.21066602,0.38878152,0.96040404,0.15888989,0.9072399,0.12022563,0.9997795,0.042506628,0.99368274,0.9974356,0.96282977,0.94192964,0.99187815,0.007940736,0.00320843,0.99971503,0.59368426,0.97273785,0.0012074123,0.38510945,0.7778008,0.4480529,0.90707177,0.43805063,0.2758592,0.80121094,0.0015224527,0.004403074,0.99644643,0.07312991,0.9874348,0.001716577,0.001741534,0.987672,0.9923701,0.58336174,0.9980932,0.09435692,0.25328755,0.004772182,0.03821126,0.92529565,0.66470873,0.0034217557,0.8062542,0.34122208,0.5270207,0.7596906,0.0028280066,0.9449733,0.44490683
2010-10-11,0.9047833,0.7000417,0.7789277,0.003455467,0.78416055,0.992923,0.14011498,0.6460046,0.023150532,0.962785,0.16916464,0.999318,0.97178316,0.11650283,0.6771458,0.044686995,0.0253495,0.9108429,0.08453832,0.69480526,0.150567,0.52056545,0.9956345,0.20593809,0.46818152,0.36242384,0.30846223,0.9924696,0.36825207,0.08067803,0.56746536,0.5050016,0.7837053,0.5427071,0.0058806646,0.0003115174,0.015757663,0.05049269,0.6153112,0.96909493,0.057627372,0.12500073,0.006536988,0.09217609,0.5208437,0.30687362,0.13349475,0.00536263,0.18544325,0.8047435,0.40957737,0.97862524,0.0027790174,0.20675248
2010-11-08,0.99912804,0.03612737,0.016542057,0.0140274875,0.97844124,0.6851685,0.804136,0.9644059,0.9716608,0.01712297,0.10311654,0.98622584,0.868775,0.77107996,0.9970618,0.0027187774,0.53687805,0.51174015,0.009728572,0.78909475,0.65970767,0.3214818,0.41582158,0.072444476,0.98328584,0.5773586,0.6158983,0.05861533,0.0074929046,0.00028235826,0.5818399,0.94108915,0.021579951,0.19226949,0.008032231,0.9832492,0.013736047,0.42368543,0.8669031,0.92949134,0.9677769,0.2124367,0.0430936,0.1361361,0.9755651,0.13662848,0.46607527,0.62534356,0.0016065111,0.1584444,0.054781348,0.5886561,0.8285302,0.0206133
2010-12-07,0.71368283,0.9943744,0.1086964,0.40592974,0.16212128,0.8863461,0.40749425,0.08063914,0.83262587,0.006207943,0.9671391,0.9996673,0.7852086,0.8150112,0.3889288,0.5111765,0.67737764,0.94210494,0.9927355,0.15376104,0.9924845,0.0540734,0.9960401,0.04652046,0.40156618,0.33341795,0.11054768,0.99556434,0.0012830616,0.7650859,0.7635849,0.105277665,0.8328225,0.122148804,0.557112,0.52988416,0.21129058,0.9965995,0.99664104,0.90117645,0.9967861,0.99354047,0.002654921,0.2736859,0.9676606,0.9985613,0.40035412,0.7924798,0.95102334,0.33643,0.9096524,0.6109548,0.9705344,0.3561917
2011-01-05,0.6617011,0.9926313,0.032463476,0.0027333705,0.0015644566,0.35126233,0.93717915,0.1894555,0.9884956,0.017255815,0.9938095,0.99962366,0.023202376,0.048719317,0.6922567,0.58436245,0.8936005,0.98240834,0.0040476047,0.4384811,0.06926451,0.00080559216,0.34512952,0.9812618,0.061009742,0.009795275,0.9120492,0.90894383,0.9967668,0.02287922,0.002871236,0.00062185526,0.35941827,0.5339979,0.9210884,0.99701285,0.9056787,0.4554177,0.9696833,0.9467069,0.97704583,0.8870161,0.9527571,0.012106065,0.50814945,0.3120839,0.998033,0.76939744,0.928937,0.96042186,0.63527817,0.82455707,0.0020239786,0.021237627
2011-02-03,0.8439088,0.99955577,0.9958209,0.6114918,0.0028271258,0.9798323,0.34268326,0.19152382,0.97769725,0.0011817648,0.39262033,0.6997093,0.82009214,0.010550568,0.06856301,0.99273163,0.036113326,0.96455264,0.0015997041,0.0041183573,0.38685918,0.76461846,0.3819679,0.6022036,0.3188198,0.0065547037,0.986026,0.405957,0.087355874,0.9750531,0.5224069,0.0005846154,0.9228278,0.006675691,0.988457,0.4756102,0.023363637,0.90771586,0.9402102,0.93340635,0.9175764,0.969449,0.30396777,0.005764656,0.094334394,0.009517684,0.9802628,0.93527347,0.9989536,0.99282914,0.026812935,0.9977144,0.91444916,0.7906466
2011-03-04,0.95600265,0.9357851,0.99845874,0.21626616,0.028519457,0.81327075,0.37143287,0.068330355,0.64529055,0.9866767,0.5709324,0.9997676,0.9658287,0.14441049,0.014995775,0.8312952,0.99250656,0.23367757,0.06818378,0.890215,0.862826,0.7448217,0.9415186,0.014961843,0.004424585,0.9801395,0.9827151,0.9980483,0.002357612,0.96274775,0.5561193,0.007197344,0.9763812,0.08106323,0.011101473,0.0013726811,0.016548961,0.14291772,0.70590067,0.992677,0.99762625,0.7079363,0.58966273,0.024078377,0.9212828,0.00027677734,0.8348176,0.45012534,0.7914281,0.63463694,0.0021321329,0.9970681,0.010521806,0.96076
2011-04-01,0.7121384,0.5053947,0.22992516,0.9378204,0.008540385,0.06512864,0.6122518,0.98359156,0.89173925,0.9989447,0.006426437,0.9996271,0.004456306,0.30762473,0.15509269,0.7767201,0.2663496,0.9991499,0.944607,0.90746284,0.9251198,0.87938035,0.06765301,0.008990067,0.90261364,0.65744096,0.45050836,0.97349215,0.0018330957,0.00466944,0.0006084348,0.9258431,0.7400731,0.98423356,0.06607158,0.00055051426,0.33456916,0.9719144,0.029718995,0.9992434,0.6311133,0.09470249,0.5947401,0.0048375754,0.0120523935,0.61693925,0.0013402107,0.9893783,0.6585026,0.61990833,0.9969331,0.37510735,0.9954803,0.9707602
2011-05-02,0.07648578,0.069191694,0.03347367,0.037033487,0.051587764,0.99509454,0.81010056,0.06801037,0.04381431,0.9778976,0.654116,0.9764117,0.026313543,0.047342695,0.1580637,0.0009922453,0.926333,0.97685826,0.0018762622,0.8951111,0.7851593,0.44287637,0.9094747,0.04072015,0.033308983,0.91468805,0.27324614,0.98955834,0.9696509,0.24247347,0.8599604,0.0023683717,0.02965446,0.028797127,0.94097084,0.9736752,0.20508249,0.9719447,0.9666373,0.8544973,0.97643334,0.08213955,0.003503705,0.037952863,0.99900717,0.844315,0.88395494,0.30860308,0.009455037,0.98824525,0.9369924,0.87133974,0.7713749,0.46288258
2011-05-31,0.019610766,0.8386532,0.7813482,0.95222694,0.020662993,0.053082168,0.38812545,0.0016687448,0.08185413,0.9909525,0.0097804675,0.047826555,0.99756783,0.99679655,0.009127668,0.99625105,0.009678979,0.9989506,0.0071932566,0.93216646,0.09855588,0.32765374,0.017670559,0.56799406,0.00034304906,0.6858137,0.9189682,0.091884635,0.9513655,0.0018582208,0.022842316,0.05791715,0.030584496,0.96025133,0.0039052202,0.0018710928,0.94943804,0.3724045,0.97519094,0.007861101,0.6555765,0.0038679596,0.0010188115,0.099988006,0.78239185,0.0034875763,0.054302413,0.0013592953,0.9864144,0.01709944,0.012703227,0.9435354,0.21170254,0.63891035
2011-06-28,0.33405554,0.99899405,0.36342794,0.005394035,0.82081336,0.17905216,0.99327797,0.9989489,0.71135294,0.015671054,0.27065402,0.38230515,0.9991968,0.95521104,0.8289457,0.92381126,0.0073316437,0.9987356,0.9540247,0.83631355,0.9272652,0.059787657,0.0018366185,0.009039749,0.00018534907,0.59909916,0.8900245,0.12707317,0.5515699,0.16782105,0.24018785,0.98618233,0.20028643,0.9835223,0.0056022718,0.0063727824,0.00061937625,0.9970567,0.07539297,0.13936602,0.9658014,0.64397997,0.2713051,0.14275636,0.5348878,0.7802983,0.0033578628,0.060974967,0.9952047,0.39282253,0.9851579,0.90568525,0.13611048,0.76057005
2011-07-27,0.94517547,0.7018771,0.026083253,0.05683735,0.73025554,0.99111825,0.0012035015,0.07493976,0.9372464,0.99909186,0.4389257,0.98257864,0.018659977,0.86688405,0.8792175,0.9942729,0.64869505,0.8437414,0.9021395,0.07552857,0.9176145,0.95206296,0.9993325,0.3179812,0.9403624,0.7309671,0.0063117594,0.09575055,0.094330944,0.9921268,0.015642151,0.90055376,0.013582233,0.96451855,0.02820726,0.95863944,0.9907416,0.9940553,0.001836789,0.003578447,0.9954723,0.99197066,0.007228728,0.97538495,0.73911005,0.99152124,0.00024035395,0.91868716,0.9959746,0.3209532,0.7422432,0.0013099905,0.99932444,0.8439756
2011-08-24,0.11182419,0.93747073,0.07741473,0.9894293,0.4661127,0.94951594,0.023585625,0.9534309,0.89976525,0.9999871,0.5221653,0.5833804,0.99967754,0.994056,0.032154005,0.000244227,0.0030776896,0.6921864,0.16481642,0.41233584,0.862122,0.028427364,0.020336423,0.560331,0.003630589,0.99854636,0.005195023,0.255693,0.9897955,0.99005336,0.22240713,0.99017125,0.026572682,0.06594994,0.0013777575,0.013778022,0.36837882,0.9259717,0.0643032,0.99858105,0.42945725,0.0008748143,0.88276744,0.9898662,0.98267823,0.99118185,0.0137235,0.14100426,0.021095956,0.90286434,0.99548376,0.33537185,0.998417,0.5972383
2011-09-22,0.9427543,0.014275994,0.7231291,0.5104457,0.086375184,0.99730384,0.29782227,0.82304907,0.74757636,0.2553418,0.74227786,0.085210845,0.96459234,0.9933248,0.99381655,0.9985581,0.034903005,0.9991918,0.9139327,0.39653385,0.0019332947,0.020784644,0.07457521,0.22951065,0.03826326,0.9175784,0.46625322,0.21051845,0.06463922,0.18777642,0.1893865,0.9724451,0.929559,0.93865377,0.0052552433,0.9126511,0.8351853,0.9388542,0.9756742,0.7956105,0.056271546,0.5884606,0.00737313,0.999549,0.8854398,0.00015096864,0.0017379242,0.86891824,0.39675513,0.9929933,0.9527139,0.9361153,0.99848074,0.9158258
2011-10-20,0.14329785,0.8834354,0.0024155523,0.5230246,0.101867065,0.77354354,0.0043835663,0.0023759278,0.9697101,0.9930045,0.38051018,0.018258862,0.08829919,0.67410725,0.16857022,0.034801155,0.9795012,0.664522,0.71138483,0.6255719,0.7115256,0.0009983216,0.37350163,0.59815246,0.9737182,0.9935789,0.63950497,0.2917201,0.15652509,0.7705923,0.9842048,0.92649734,0.36735803,0.50549203,0.7011219,0.96120113,0.02428404,0.903822,0.0118425805,0.81469595,0.6882547,0.22488365,0.22558725,0.52460426,0.0010520848,0.65913403,0.57808095,0.0046277232,0.5083767,0.86931586,0.95727515,0.0042974125,0.29213774,0.03495337
2011-11-17,0.43014762,0.70084286,0.9754456,0.1522379,0.00022646633,0.0050375853,0.35119748,0.70639795,0.9317362,0.8203499,0.08704293,0.33337572,0.99430376,0.011169797,0.19967337,0.09147907,0.06411174,0.0061843446,0.059416562,0.98106706,0.95579505,0.08333763,0.022412466,0.5670858,0.9654781,0.51526207,0.009786449,0.883473,0.08428355,0.38457105,0.6585729,0.012563032,0.5263818,0.003384605,0.0102766985,0.0063580796,0.071769334,0.0007421071,0.07812658,0.006667197,0.020686638,0.9123023,0.0009723517,0.7455046,0.23941453,0.8729887,0.0032543887,0.4078108,0.00023914517,0.34161973,0.9951988,0.012573087,0.044796314,0.9667252
2011-12-16,0.6142582,0.21024384,0.04372892,0.99890983,0.6121933,0.975114,0.9950944,0.79198086,0.0059933607,0.99844736,0.0005095845,0.97744286,0.83211714,0.99833244,0.01065027,0.9979386,0.22797643,0.05831775,0.77942103,0.011278488,0.09886771,0.01704019,0.1317687,0.9941328,0.9987092,0.8176989,0.006876287,0.58860826,0.037583996,0.03249094,0.905838,0.9794708,0.023721805,0.99952006,0.025423633,0.051999837,0.965995,0.0002700496,0.9927739,0.7244139,0.9914278,0.058764026,0.24906883,0.8920851,0.523437,0.0014462824,0.0029518858,0.0056333733,0.10981737,0.9085089,0.1740985,0.91609514,0.9978301,0.96645266
2012-01-18,0.9690202,0.8358624,0.8175309,0.9792196,0.010832511,0.047552582,0.8720269,0.006621114,0.013062625,0.13978678,0.9816976,0.63173926,0.1391067,0.7126216,0.010524025,0.06761655,0.86449224,0.66198766,0.594928,0.060929216,0.6215085,0.8552169,0.12293057,0.90412164,0.9168977,0.9961545,0.1278215,0.49106628,0.75289565,0.115739524,0.9143256,0.8615699,0.43073946,0.14323492,0.82283986,0.955184,0.99584156,0.08577677,0.00012145558,0.19530968,0.9913878,0.01612234,0.20300077,0.90542394,0.047673136,0.7821202,0.16477703,0.084349744,0.8794011,0.9482088,0.7953938,0.14463323,0.99751955,0.3411147
2012-02-15,0.99797815,0.9964818,0.95426697,0.075390086,0.09514469,0.897597,0.08229315,0.48690304,0.9453855,0.9756427,0.5697294,0.012409986,0.10715006,0.10274864,0.9965011,0.016739335,0.6585803,0.59631187,0.0021059266,0.8925026,0.008422597,0.9063702,0.8365333,0.98145443,0.00080219406,0.039591588,0.051243573,0.94632864,0.558514,0.013695769,0.96425027,0.060267415,0.8527053,0.0046263244,0.99511826,0.996333,0.008741309,0.9313037,0.94233865,0.004478852,0.0077128825,0.8777064,0.74589074,0.9951285,0.0024575407,0.9742321,0.0018646022,0.11659711,0.0073642014,0.24012029,0.03467642,0.008546205,0.00566954,0.0011295903
2012-03-15,0.969057,0.44416195,0.99834216,0.87185675,0.21637505,0.008433632,0.0038658327,0.08048499,0.99350184,0.98374236,0.8181824,0.7982089,0.38040316,0.8774464,0.4248308,0.9249512,0.53559685,0.9987992,0.14384875,0.8097678,0.5246034,0.013688511,0.4506015,0.025521928,0.8126572,0.6943084,0.9996475,0.03011654,0.040949438,0.98530954,0.4925262,0.052725248,0.021363588,0.9839569,0.487775,0.99707747,0.550451,0.9714026,0.023271376,0.76468635,0.99178994,0.89720803,0.42037356,0.99812955,0.37331545,0.0005369482,0.66032284,0.070745654,0.0906811,0.43568045,0.83472615,0.085696205,0.8411622,0.5187836
2012-04-13,0.98134804,0.05913628,0.2286248,0.34954518,0.9602126,0.99866486,0.18436053,0.026578836,0.0004204239,0.9334291,0.99553055,0.026372992,0.88374174,0.8042761,0.447341,0.38723734,0.09850353,0.760367,0.9929075,0.694436,0.9501148,0.8469295,0.99550027,0.53013426,0.60709214,0.7775351,0.5452705,0.32008052,0.99596184,0.9824964,0.9454224,0.9889398,0.98896724,0.2798099,0.97278893,0.037918832,0.43623832,0.45661435,0.3506811,0.98096544,0.52047515,0.081115,0.9683197,0.28799477,0.8534929,0.7564723,0.9495958,0.99568814,0.84674525,0.99328846,0.32617623,0.041569248,0.31889388,0.99662244
2012-05-11,0.1476706,0.010805026,0.28865036,0.9997708,0.9935369,0.9297433,0.9975183,0.098979495,0.948199,0.9940241,0.016411012,0.16411377,0.92366683,0.9965186,0.29871446,0.4700446,0.31533912,0.9814455,0.9750435,0.9831351,0.9939073,0.015957355,0.17321263,0.69335943,0.34451354,0.98936594,0.9877829,0.99420196,0.22462443,0.95218444,0.9446308,0.52978706,0.82787526,0.9978472,0.7339763,0.95246696,0.9404495,0.0010353338,0.024445176,0.65870243,0.6439656,0.9936619,0.95319587,0.9986045,0.32801285,0.99848515,0.87914884,0.8157562,0.32976973,0.8693287,0.9715039,0.9980719,0.99387944,0.4341698
2012-06-11,0.97471005,0.81500435,0.9530373,0.6595232,0.81222063,0.76327294,0.9828775,0.97284186,0.13472222,0.0070242733,0.092157096,0.04108949,0.9997236,0.9994436,0.5293251,0.9832614,0.029718705,0.9990706,0.96113646,0.8835036,0.99683434,0.0030341852,0.00086466916,0.9684381,0.9955895,0.035709217,0.044835262,0.96480525,0.90702873,0.00022772541,0.9972391,0.9103048,0.8548068,0.5883828,0.2646105,0.9936904,0.94665754,0.014412135,0.004629263,0.9378229,0.9030379,0.7626611,0.82932884,0.48598814,0.51447785,0.030926947,0.009185666,0.65643954,0.005742142,0.7079515,0.72366697,0.02010766,0.28347,0.99482006
2012-07-10,0.85379183,0.076585025,0.6821597,0.08729885,0.9714883,0.5109712,0.016006405,0.04455111,0.9893066,0.9999213,0.8079905,0.0021393755,0.026777277,0.051598076,0.0036210679,0.0018243481,0.15326908,0.5054342,0.6258903,0.6735194,0.09029147,0.0022044447,0.0032096333,0.58770996,0.017989587,0.37213993,0.68453586,0.057396162,0.39831644,0.068181716,0.999419,0.92549264,0.009038567,0.66141796,0.84376746,0.2726361,0.73412514,0.012889502,0.0041259215,0.0036821999,0.8482147,0.7850966,0.5313528,0.52766776,0.30978885,0.06555893,0.0031135592,0.8003703,0.8562653,0.9919952,0.07231717,0.22361737,0.92285335,0.08104737
2012-08-07,0.9833241,0.82746816,0.058341857,0.0093836095,0.19804472,0.5783774,0.2711563,0.91404325,0.07122192,0.26571348,0.24813457,0.011601555,0.0005687884,0.018321823,0.36383727,0.58273906,0.12228137,0.98805445,0.0020573384,0.0073404005,0.76328033,0.9976412,0.98778,0.98352134,0.0007438542,0.5538766,0.08351842,0.7674412,0.28553924,0.0055375956,0.0061156126,0.05915717,0.5719732,0.053363606,0.00229515,0.081080996,0.08751674,0.6419601,0.0010058556,0.17079479,0.90909433,0.93119913,0.99843234,0.0031001964,0.086432695,0.99785906,0.30577782,0.17036085,0.0034342043,0.29667518,0.20864175,0.0018813764,0.79271823,0.98948634
2012-09-05,0.99922967,0.6284334,0.9386855,0.1609156,0.7663579,0.97768193,0.0014133373,0.951014,0.7099723,0.008971605,0.9908292,0.88556504,0.1282716,0.9976794,0.1098867,0.97932947,0.00067370426,0.04582461,0.9994629,0.9890114,0.10312798,0.0032171265,0.019753547,0.0009473907,0.0021462496,0.14034986,0.9685279,0.12686467,0.019714622,0.9888053,0.6288515,0.09451781,0.72444564,0.009635977,0.9608505,0.32432556,0.34866634,0.31174555,0.951538,0.71551156,0.021650322,0.04000824,0.0014308445,0.21269706,0.665361,0.0023191178,0.9762999,0.7781965,0.997806,0.52568465,0.7449177,0.35235974,0.99054843,0.012934839
2012-10-03,0.98372155,0.9822082,0.3802483,0.24466947,0.29084006,0.9692592,0.94952685,0.21797524,0.07703005,0.98219955,0.96160907,0.62587273,0.25035948,0.007546291,0.13760325,0.749609,0.8575939,0.049024563,0.15617584,0.7933912,0.025642939,0.017013771,0.9310915,0.10459708,0.9645951,0.013176022,0.7808597,0.99443203,0.9985933,0.8224558,0.0007720014,0.7183307,0.61333835,0.00377259,0.112425044,0.09693799,0.99294657,0.0739364,0.00012173338,0.99347866,0.043772377,0.35244623,0.62678593,0.9612115,0.93006927,0.99369365,0.011999806,0.99927217,0.06638915,0.9972542,0.9911538,0.16638708,0.984046,0.858928
2012-11-02,0.24144092,0.12011067,0.42914557,0.34469712,0.83355147,0.6974959,0.8824206,0.95911944,0.014605291,0.28713322,0.9987037,0.0020144111,0.85235614,0.99644995,0.48118788,0.60669106,0.026180893,0.84769976,0.0143134175,0.40985864,0.64795524,0.93223536,0.10186808,0.01199337,0.019496113,0.5362775,0.025164934,0.98045933,0.5160111,0.9989728,0.0006056859,0.99024206,0.9991304,0.0049384865,0.9524007,0.13143018,0.14384435,0.99310476,0.027405307,0.9003309,0.99172324,0.00078052474,0.38122925,0.34889284,0.8526434,0.32680514,0.31161627,0.06338385,0.00053488533,0.9728948,0.98588866,0.4148014,0.996985,0.69889224
2012-12-03,0.17469105,0.9154624,0.9996685,0.033707358,0.9979704,0.8235038,0.0056996318,0.9994344,0.9723981,0.9963211,0.0012842738,0.70912856,0.36037132,0.9274832,0.15855765,0.9976681,0.07639611,0.1443256,0.9445578,0.7061535,0.8664753,0.9915764,0.9901362,0.083338864,0.9653589,0.06127956,0.9957288,0.9945585,0.31234354,0.00028083602,0.00026401147,0.121712945,0.011219782,0.076897755,0.20188606,0.84818,0.31194443,0.9897279,0.0248582,0.99585515,0.9934645,0.15835063,0.013000577,0.84453464,0.15104365,0.9999459,0.53466994,0.64604944,0.9892319,0.99852777,0.9816954,0.0068294895,0.9739006,0.99221486
2013-01-02,0.0145525085,0.31079903,0.0047526956,0.9995277,0.43696758,0.0058279247,0.00911027,0.95810765,0.015055295,0.95342255,0.9533417,0.96750915,0.9974444,0.9998242,0.33289418,0.009296411,0.61121804,0.00054175674,0.9732473,0.99656916,0.59810567,0.52211016,0.90697986,0.0007285727,0.5072131,0.046483565,0.8837406,0.006964656,0.020676589,0.023345865,0.00028018907,0.9590935,0.9994717,0.0006893987,0.4334539,0.00021478305,0.0091158375,0.9999335,0.014759737,0.49978587,0.27022487,0.008477388,0.002376699,0.14788714,0.003703753,0.9563061,0.2664537,0.0008195158,0.01382061,0.39962804,0.9871084,0.9265594,0.0033793123,0.24182585
2013-01-31,0.0021049108,0.11103081,0.9989278,0.020575834,0.012520778,0.049308646,0.002899607,0.15839788,0.99112105,0.004081147,0.64496326,0.9831818,0.3688572,0.005623715,0.036579162,0.0013079247,0.47093818,0.18225275,0.0004433323,0.8217601,0.46402404,0.2599063,0.99747014,0.00021654426,0.9436803,0.03898051,0.3822776,0.98559475,0.9989512,0.00026498488,0.9651235,0.036119934,0.9227378,0.07937547,0.9271757,0.004131397,0.0036497046,0.0057659266,0.25170854,0.029126652,0.070966505,0.00021464426,0.056523997,0.8280828,0.9998385,0.066689275,0.9782939,0.9444447,0.35903978,0.46070188,0.014625694,0.34997395,0.0753141,0.0053654127
2013-03-01,0.16419923,0.013031538,0.8673739,0.9423478,0.5974502,0.04120784,0.1874805,0.27293676,0.39644095,0.49020755,0.076727286,0.06116157,0.90504366,0.9989968,0.31385764,0.9929293,0.86839974,0.8668209,0.021382557,0.8958076,0.0006032317,0.9780702,0.9414342,0.8353731,0.9992212,0.9424125,0.030369705,0.9999529,0.97782326,0.9902125,4.596878e-05,0.53175884,0.9971955,0.0005426198,0.0033834598,0.1854032,0.94357973,0.3022991,0.4970102,0.9499393,0.9990056,0.0027312732,0.25717586,0.9978035,0.058516283,0.21310693,0.112497315,0.004319148,0.9951592,0.9912621,0.6760237,0.9982249,0.96835893,0.14424951
2013-04-01,0.64180756,0.99938357,0.023043241,0.8167957,0.055662137,0.98574716,0.04435722,0.8949601,0.9972886,0.02950097,0.94292426,0.25895795,0.4706,0.9998036,0.8457923,0.0153919775,0.9697798,3.4309003e-05,0.945669,0.84052014,0.9636568,0.03574331,0.88964134,0.9978898,0.6220205,0.0051339553,0.92468184,0.107677035,0.07703534,0.07686787,0.09645282,0.98827094,0.24976753,0.0005984514,0.12244275,0.6235632,0.71279746,0.28648943,0.47379765,0.9954371,0.055748306,4.372336e-05,0.90256095,0.0361527,0.98107946,0.34203437,0.6529147,0.954863,0.89085054,0.13520807,0.36928082,0.027711872,0.0030502179,0.521116
2013-04-29,0.19303437,0.07552694,0.42770505,0.9877313,0.9983644,0.97383285,0.002607873,0.10419873,0.5250315,0.23741467,0.19082318,0.0040646633,0.638937,0.9998797,0.0649612,0.70627934,0.7505484,0.029585917,0.94747573,0.13666609,0.7848133,0.043141585,0.14127856,0.9964611,0.28384197,0.99429435,0.6918036,0.17473212,0.68483216,0.21479367,0.036323026,0.999358,0.9996778,0.033020545,0.735961,0.681832,0.72702575,0.6544278,0.029380735,0.2285659,0.9257255,0.74273163,0.8893165,0.9144887,0.014406263,0.569081,0.052477293,0.024687849,0.11263853,0.99943954,0.95811397,0.98926103,0.9839389,0.9959947
2013-05-28,0.58298373,0.00899058,0.99988043,0.7644271,0.0030609102,0.07662852,0.99460596,0.3175929,0.03411743,0.010689092,0.23687372,0.9991986,0.0009914123,0.89069235,0.012090512,0.0062046023,0.4986313,0.003673172,0.02755586,0.2974615,0.05388339,0.4902453,0.8569832,0.2816536,0.024623863,0.29114982,0.15087241,0.34554356,0.7888264,0.008977437,0.5319756,0.33627164,0.93406564,0.5668611,0.9981048,0.27983811,0.44485125,0.028214376,0.0032735597,0.12538357,0.0013559227,0.9202846,0.020348439,0.22402486,0.81192094,0.59055334,0.97506624,0.8927839,0.187371,0.45006266,0.030758657,0.5601583,0.316839,0.00038543312
2013-06-25,0.004858743,0.10328596,0.96414596,0.003877628,0.9899132,0.9993542,0.99989784,0.28725892,0.33018136,0.97035474,0.9516058,0.67656034,0.035476778,0.9998275,0.6702041,0.99979204,0.49776065,0.98291504,0.037646633,0.108734384,0.012613286,0.004394625,0.0012565516,0.85630083,0.9995931,0.13061665,0.9765459,0.9985092,0.9991966,0.26163393,0.96447676,8.100447e-05,0.03956142,8.2147984e-05,0.0002720607,0.10047398,0.0010072879,0.39543614,0.028038867,0.015657907,0.0015051601,0.021449484,0.35518822,0.9894984,0.008119819,0.16464525,0.015478187,0.9381777,0.5642845,0.9980909,0.9766501,0.1775254,0.0074633453,0.030710468
2013-07-24,0.96611637,0.91213554,0.5461793,0.8011365,0.972113,0.9572362,0.24550617,0.00450914,0.7473178,0.05684856,0.9956514,0.23336065,0.05823461,0.057250388,0.5382468,0.0009163119,0.0012150795,0.99690175,0.20296936,0.0775245,0.6773486,0.47612324,0.21176076,0.9287624,0.512054,0.01831768,0.9816025,0.9991234,0.98221225,0.041573524,0.19056925,0.42208982,0.03546358,0.596324,0.06732169,0.57154304,0.6976022,0.99952495,0.1472575,0.0009411102,0.893601,0.73523855,0.2236667,0.998965,0.2611057,0.0034109012,0.18143302,0.50592303,0.9994099,0.0050580613,0.13217586,0.8809725,0.2789764,0.6773985
2013-08-21,0.14745252,0.30383217,0.99513996,0.55950147,0.8457683,0.314955,0.6498227,0.006115943,0.99338293,0.8916565,0.99129736,0.010290156,0.13631126,0.46304426,0.9686313,0.15661189,0.7249859,0.9730666,0.377237,0.9245759,0.091944516,0.9247891,0.6174759,0.9972153,0.17731027,0.0030118164,0.005239224,0.790244,0.2766336,0.9963362,0.9742047,0.9855252,0.6121777,0.08219671,0.9977755,0.07730374,0.9826087,0.61690855,0.5858455,0.99480575,0.07910187,0.00017619105,0.8175742,0.999102,0.14078589,0.9759489,0.93690795,0.94396985,0.92638683,0.015029762,0.0034402758,0.97843456,0.52027464,0.5937234
2013-09-19,0.02103559,0.20211414,0.0022163992,0.00092479785,0.93768525,0.0026361598,0.47033018,0.8408858,0.27969962,0.0004143392,0.090306334,0.011414808,0.32576925,0.08190204,0.86068624,0.0029783172,0.96424115,0.83006406,0.6225357,0.015903406,0.45904678,0.9988356,0.42031154,0.95077693,0.66259545,0.05436359,0.8875759,0.29836184,0.03952685,0.99354374,0.7620281,0.99820054,0.9976707,0.8846968,0.016247274,0.36027414,0.91648996,0.99969006,0.9981706,0.9905128,0.6620375,0.99232,0.2646547,0.99580586,0.9557609,0.584382,0.9997845,0.99564445,0.059549786,0.0562766,0.0021803044,0.016443487,0.8261914,0.052239064
2013-10-17,0.99927956,0.9386355,0.20474434,0.091498986,0.00033578218,0.0018094624,0.0015344329,0.003760203,0.9213071,0.00026572996,0.009742869,0.0008728893,0.004515591,0.18033038,0.094851874,0.20000914,0.058247782,0.011068573,0.011512652,0.88794047,0.27002934,0.9999844,0.8321195,0.88754886,0.086961836,0.00250741,0.042549442,0.64446956,0.91740304,0.001940471,0.026655149,0.04579568,0.37739953,0.023968343,0.9957919,0.79999024,0.4918123,0.8086051,0.0030121515,0.08314944,0.10964124,0.0011954688,0.0017448324,0.8493198,0.023980048,0.024889885,0.5687629,0.6862442,0.97522163,0.42699674,0.0028962204,0.4349652,0.09347315,0.00057986146
2013-11-14,0.3537426,0.98084944,0.9278875,0.33413997,0.004885417,0.009298251,0.99931216,0.94097555,0.86964566,0.9869604,0.0002955877,0.08119258,0.03732661,0.06538341,0.4761035,0.6483829,0.14601433,0.8280174,0.701054,0.89936185,0.067747675,0.44681263,0.009825026,0.5588683,0.99818605,0.9706787,0.0013528501,0.06447778,0.87992185,0.08924723,0.8895056,0.77745116,0.048152536,0.4549702,0.99701226,0.95489985,0.8330864,0.37801597,0.60928136,0.94669473,0.8954341,0.00023644514,0.3316924,0.0011376396,0.93053484,0.11968988,0.031051923,0.030484151,0.095815405,0.067892306,0.50273937,0.9973014,0.025272867,0.62729436
2013-12-13,0.99981934,0.020039795,0.925123,0.0668313,0.33225465,0.807263,0.9660036,0.0074778697,0.09380342,0.005768048,0.5082859,0.6317844,0.9600897,0.89522547,0.7263563,0.9986168,0.21893239,0.27453366,0.8854426,0.0016290722,0.99670213,0.356338,0.9577098,0.8375911,0.317542,0.12667215,0.9974523,0.3148329,0.95274574,0.39638236,0.8868339,0.98054725,0.10973978,0.8788382,0.25351837,0.5936894,0.005025254,0.99531317,0.8918551,0.06716062,0.97545207,0.00037186602,0.1755329,0.99815303,0.3524399,0.9987607,0.9989525,0.032443546,0.18085004,0.57276964,0.0771446,0.26630846,0.30170214,0.62278235
2014-01-14,0.9875442,9.4688534e-05,0.99871564,0.008161743,0.99887806,0.99416625,0.94962776,0.0030219476,0.7610797,0.00462036,0.6357644,0.56860626,0.938945,0.24720909,0.89639634,0.021175722,0.32694244,0.83381927,0.2845649,0.9474114,0.0023256084,0.98110217,0.9502143,0.94121534,0.98573965,0.12529822,0.94887865,0.98898727,0.3026356,0.9852396,0.9793073,0.8668351,0.93355817,0.7967921,0.96296704,0.2223947,0.9987679,0.2867693,0.92264795,0.95241016,0.50663245,0.99833554,0.22469309,0.009870848,0.3178596,0.42546728,0.9508628,0.42958215,0.0015486351,0.023202516,0.48468086,0.99105316,0.0004057962,0.09933483
2014-02-12,0.998505,0.3263891,0.9957432,0.97885007,0.29310495,0.98960435,0.995492,0.0042924876,0.9978174,0.0006051251,0.1347612,0.73557556,0.98747444,0.9932806,0.20356248,0.046691313,0.9842927,0.28553337,0.6588599,0.39573386,0.009236463,0.8837451,0.97868675,0.014864334,0.99322647,0.9292265,0.8417208,0.6606341,0.92076504,0.9996086,0.003879111,0.14750524,0.0034165822,0.044392932,0.97027516,0.2619371,0.89841217,0.8350128,0.9860071,0.9911765,0.9993782,0.0021177672,0.9886368,0.98511744,0.041484367,4.7132686e-05,0.026601877,0.004861785,0.3525393,0.9180232,0.1874705,0.9366802,0.92892,0.008007209
2014-03-13,0.039394278,0.9918023,0.9960401,0.00016597327,0.99748635,0.15460448,0.99963284,0.010968688,0.9944454,0.38249156,0.03503115,0.9926669,0.30614954,0.06449372,0.14246988,0.0046796235,0.5449724,0.9533402,0.024803199,0.16026492,0.47243816,0.9993748,0.008138369,0.9943719,0.97661984,0.9683992,0.007665733,0.9836304,0.16456954,0.09663591,0.069663145,0.033124242,0.9907329,0.017085886,0.75712985,0.7710198,0.29248103,0.70830244,0.945416,0.26159644,0.0008326243,0.8894415,0.98712885,0.14647935,0.92003363,0.9876281,0.9998455,0.0027741943,0.00060440344,0.9815,0.621475,0.8854957,0.40835032,0.00032806935
2014-04-10,0.99688464,0.07466673,0.20613806,0.853831,0.36029652,0.26115507,0.047060873,0.90965754,0.00512101,0.0035790508,0.051924657,0.70521396,0.98794657,0.10980171,0.81910247,0.006042073,0.79606265,0.92180264,0.98332006,0.46478164,0.027118731,0.9992461,0.67127776,0.08029119,0.0021685564,0.7314601,0.018071027,0.007546538,0.99514645,0.03495865,0.90240633,0.61782545,0.0045964066,0.004086057,0.8193229,0.8689172,0.9994311,0.9156291,0.0004248135,0.62551194,0.9833143,0.0011945246,0.6404307,0.1375538,0.052613415,0.49096256,0.9287208,0.9378125,0.0093552135,0.022944268,0.20514779,0.36324838,0.82613134,0.6642691
2014-05-09,0.0020983287,0.012246915,0.95621586,0.9843389,0.9996911,0.059365485,0.92958194,0.0016162783,0.05711954,0.068132065,0.08302126,0.99956995,0.11463499,0.011087275,0.96052945,0.007914525,0.15389489,0.5317585,0.39104778,0.9728406,0.41500783,0.95877737,0.0007320033,0.9300361,0.08707603,0.6895532,7.661671e-05,0.0011145996,0.035370864,0.06690712,0.0005455803,0.018634683,0.50339675,0.40102082,0.0016185889,0.15163665,0.8581907,0.9579348,0.19873318,0.93982035,0.9726512,0.4620103,0.94605976,0.99801326,0.99363846,0.98437876,0.08313771,0.325855,0.0035406523,0.07618881,0.97377294,0.9893909,0.99899966,0.00019054646
2014-06-09,0.99966764,0.057938386,0.003271362,0.78147125,0.99669987,0.565687,0.40563577,0.0005513403,0.999405,0.67166716,0.0002599598,0.62736464,0.99522567,0.9658657,0.14866145,0.9572666,0.9997814,0.9892207,0.030034153,0.4945199,0.33379528,0.99572915,0.29060718,0.98636335,0.93399405,0.89198774,0.51077986,0.06336665,0.9899198,0.00087380095,0.50078547,0.8715217,0.36147237,0.96129996,0.12370875,0.9532495,0.27246666,0.0028804962,0.31387448,0.17346877,0.9995578,0.50966555,0.0708819,0.9340059,0.0012108842,0.009345753,0.020963369,0.15808946,0.02191425,0.9598717,0.9067194,0.029776791,0.5121271,0.6702509
2014-07-08,0.7672322,0.0010614597,0.9350782,0.19148073,0.0001413639,0.9849909,0.027119769,0.9160213,0.39098185,0.52726626,0.12679073,0.14267571,0.0029546292,0.98379093,0.025172815,0.042602297,0.0008294525,0.0009816183,0.0019495117,0.676602,0.096702084,0.9996755,0.021578973,0.9536728,0.06416576,0.017800162,0.7944122,0.27638745,0.59696347,0.06139868,0.716676,0.70428425,0.17247637,0.031085135,0.72623867,0.8605163,0.010969024,0.9909395,0.80293536,0.99858886,0.029023876,0.54924226,0.00067303947,0.99968505,0.00059266394,0.5143283,0.9002111,0.9484181,0.023029303,0.98427147,0.12636614,0.9549191,0.5384177,0.8308705
2014-08-05,0.14466901,0.45816755,0.011492088,0.08067489,0.8348144,0.24637796,0.95814526,0.99932647,0.0059150574,0.6186165,0.9535843,0.94502914,0.3011833,0.6514324,0.022456938,0.6786247,0.65596116,0.99982977,0.07054514,0.90542275,0.875086,0.9916946,0.09343879,0.0010041265,0.9854652,0.99997425,0.03151984,0.009554371,0.00481149,0.9981139,0.03105878,0.06380765,0.98034084,0.2967488,0.07300778,0.08966853,0.51286,0.50442404,0.04199227,0.9745687,0.6771416,0.09668546,0.023092259,0.99682695,0.9985701,0.025118608,0.98657167,0.017425846,0.06413457,0.025465036,0.0001717416,0.9998529,0.21951954,0.1550502
2014-09-03,0.9999156,0.9797115,0.9954531,0.062575154,0.0027144356,0.0027837893,0.90005606,0.7478984,0.9988895,0.53126955,0.7290723,0.82088536,0.066331744,0.61066484,0.95290464,0.9422261,0.0017308604,0.99443465,0.9338537,0.9217477,0.8962462,0.947958,0.71968883,0.041254483,0.7107173,0.998844,0.0012918856,0.00030718202,0.9989298,0.9999633,0.9832398,0.9880761,0.2354154,0.9674653,0.74048406,0.95148754,0.013681798,0.9999348,0.9942542,0.94813776,0.11315308,0.5401108,0.8703409,0.99955255,0.9528229,0.98474497,0.47132486,0.10026408,0.051783834,0.005689615,0.4197575,0.78673893,0.0027801027,0.10314133
2014-10-01,0.83479553,0.57825446,0.002218293,0.86035126,0.9687733,0.0038559095,0.008449042,0.10494053,0.04965928,0.020901266,0.9885725,0.5108194,0.8275263,0.98746747,0.8497383,0.025875615,0.97196746,0.9994702,0.005413733,0.37180132,0.115113676,0.6858204,0.7680848,0.9969325,0.9613945,0.005381004,0.0006476232,0.002993801,0.011563952,0.7718814,0.9900181,0.34624365,0.97076267,0.010927475,0.9721621,0.9698687,0.0328454,0.97223693,0.9926853,0.42252257,0.033232413,0.012888421,0.016351184,0.9856595,0.007863429,0.0012396123,0.77343494,0.072244406,0.99805176,0.049153592,0.00050794147,0.9918582,0.7952141,0.06397177
2014-10-29,0.9984549,9.890125e-06,0.88427526,0.97990936,0.054932773,0.43600133,0.12033328,0.99995077,0.0298213,0.98756117,0.00091443944,8.4853265e-05,0.99946076,0.60371894,0.79762864,0.9958334,0.036963843,0.9984465,0.9782371,0.15183324,0.64374405,2.962971e-05,0.00013805805,0.99741507,0.023443043,0.38153133,0.70460343,0.005339504,0.99818844,0.31993425,0.006769376,0.99581224,0.05782039,0.99969494,0.98990345,0.9976884,0.97668517,0.01073417,0.13722429,0.99972874,0.08379347,0.9599494,0.95502484,0.99994993,0.24850513,2.3633098e-05,0.9889171,0.00012728956,0.00044966742,0.999037,2.8786782e-05,0.8968418,0.9936661,0.9838223
2014-11-26,0.82450503,0.028759181,0.11814289,0.9970061,0.9995115,0.9856706,0.9576604,0.032738376,0.034403443,0.00293822,0.9931865,0.68562305,0.055224955,0.99556595,0.0031648718,0.9075779,0.013270458,0.00050765206,0.022233423,0.0015283244,0.6742967,0.98358536,0.06489817,0.8357043,0.90241605,0.032034554,0.43753737,0.058937013,0.017521316,0.0009385604,0.9795902,0.03265928,0.9481773,0.00038015135,0.010399669,0.23358536,0.014366765,0.57764065,0.0052407132,0.9997429,0.2344369,0.0015293843,0.0062545314,0.4998981,0.0002245388,0.9978403,0.009406616,0.326223,0.99914515,0.6095271,0.3011296,0.096379384,0.022105211,0.016354581
2014-12-26,0.9861151,0.17975982,0.10299408,0.0027726844,0.9828135,0.030322155,0.8775796,0.04974194,9.365261e-05,0.08359154,0.51302946,0.00036960145,0.32001826,0.98943806,0.77438873,0.6142785,0.99964213,0.9629802,0.037243906,0.00032425777,0.2174765,0.14150193,0.028556034,0.66993916,0.01107262,0.0024574369,9.156426e-05,0.99098575,0.1981272,0.64724714,0.5808825,0.9865502,0.0016710191,0.9992987,0.15925972,0.7596279,0.7103783,0.0002808837,0.99691546,0.99523324,0.00039233302,0.00052516215,0.3334581,0.0013164048,0.00045489293,0.00013828467,0.3387689,0.010974266,0.009224568,0.9988432,0.5638414,0.9946286,0.44469154,0.5794354
2015-01-27,0.97529,0.42313316,0.2246678,0.88403386,0.26063138,0.024555331,0.59410626,0.7620407,0.0020961142,0.98006254,0.0029165833,0.06903293,0.989907,0.99996555,0.92050266,0.6820717,0.93683404,0.9821717,0.73652196,0.00015021865,0.99236065,0.47528315,0.025256244,0.94335246,0.16169457,0.696166,0.18909907,0.77835244,0.9965659,0.11327016,0.00029151788,0.7905017,0.020812439,0.99774736,0.037287842,0.4875403,0.98645014,0.039406277,0.56297106,0.12150472,0.00017780633,0.031080935,0.99782,0.0036234308,0.001842562,1.3661889e-05,0.8036185,0.05397482,0.98587275,0.99985754,0.0014452257,0.99465203,0.9402959,0.87986666
2015-02-25,0.056209262,0.005231645,0.26493588,0.85975933,0.99924266,0.99351805,0.013580361,0.0017361796,0.020733105,0.03992982,0.0008399032,0.0007174778,0.99962497,0.03511096,0.022420507,0.0776257,0.99424875,0.9124193,0.9366034,0.936225,0.99420834,0.84992623,0.76204467,0.07328922,0.99844164,0.02817622,0.22445314,0.5419282,0.9672646,0.16304754,0.9939382,0.0062675443,0.041226193,4.9435184e-05,0.99988544,0.37613028,0.0024687685,0.026968824,0.06597916,0.01300387,0.0016311824,0.9735772,0.55732673,0.9344314,0.86708456,0.041641083,0.13863547,0.64560926,0.9995425,0.412204,0.881515,0.0090897735,0.9207489,0.11668913
2015-03-25,0.6651913,0.3636656,0.99882954,0.9809528,0.9977738,0.013042894,0.9996277,0.0002731096,0.00252242,0.97461414,0.7186593,0.99718624,0.026797086,0.99650794,0.7442397,0.9978823,0.99500185,0.9385993,0.015659245,0.00020251701,0.3035668,0.06681417,0.6211354,0.0016008996,0.33645555,0.99535286,0.30302313,0.7615515,0.91053206,0.6169364,0.0073242346,0.030553114,0.15014343,7.064318e-05,0.87553924,0.54723245,0.01799825,0.99688727,0.022292633,0.9995964,0.013468839,3.5390356e-05,0.08422241,0.9694295,0.9715394,0.59624213,0.540706,0.020442614,0.04028089,0.99878687,0.80522054,0.9939487,0.024800604,0.5019507
2015-04-23,0.9999498,0.20155647,0.11278639,0.67084,0.0024285978,0.7554359,0.54134583,0.004509551,0.08466476,0.005350552,0.60260004,0.55727136,0.030664973,0.3469378,0.43018767,0.033036012,0.47630212,0.9794037,0.9777998,0.0014544375,0.981294,0.9709583,0.048733186,0.0062508606,0.2128978,0.22255984,0.8619296,0.34337026,0.09188088,0.06487568,0.036628626,0.009474582,0.21942635,0.96189284,0.970477,0.009128945,0.9852939,0.9633872,0.9678216,0.99476284,0.5445081,0.028390316,0.6461573,0.9387487,0.023058904,0.9982668,0.93307745,0.59851474,0.98429304,0.033162143,0.36523858,0.89524215,0.17012031,0.0024996023
2015-05-21,0.65038,0.83028686,0.013716977,0.37825856,0.0016310518,0.92739934,0.9970354,0.003530222,0.9802812,0.70299935,0.36186555,0.0037495063,0.9637344,0.15525827,0.8410512,0.03152929,0.9978023,0.97579354,0.5463912,0.98471373,0.02567789,0.90914273,0.7429619,0.68571097,0.06991796,0.00030773575,0.8119306,0.9919785,0.018965127,0.99920744,0.73792756,0.9801179,0.71639264,0.00023930917,0.8863271,0.5252843,0.0347087,0.0032712687,0.9994772,0.7249759,0.004029534,0.96509945,0.9912369,0.1202175,0.88741976,0.9969105,0.9602738,0.9772017,0.04194295,0.9928941,0.48369375,0.18786027,0.0063020885,0.17468722
2015-06-19,0.20488346,0.98779756,0.998698,0.22251429,0.9636664,0.894951,0.5706079,0.2498276,0.8144972,0.0077379216,0.6271776,0.7719406,0.06119476,0.07520092,0.99182206,0.0036506825,0.78863263,0.9994259,0.0054973187,0.005255363,0.0017046235,0.0022654815,0.99106616,0.9990748,0.004293613,0.010873585,0.01725132,0.75551444,0.9989579,0.99979883,0.000116561896,0.021252768,0.997416,0.65204304,0.99343336,0.81333154,0.9075281,0.00437504,0.9761431,0.9896097,0.0289856,0.4418698,0.11338752,0.07148681,0.85517156,0.061179,0.99871516,0.009191992,0.8167248,0.95589453,0.0845555,0.99760556,0.0012223935,0.00022447437
2015-07-20,0.9221646,0.01068646,0.9999069,0.839684,0.809459,0.9985291,0.99654996,0.14008166,0.006146461,0.99613625,0.1828144,0.17414063,0.023152975,0.00022784661,0.9741523,0.6233155,0.9451414,0.97072846,0.6418769,0.000114744034,0.02681215,0.04733031,0.99816304,0.01636049,0.7689861,0.002435787,0.7431941,0.18664521,0.0103632705,0.097793095,0.00067488063,0.001981352,0.8766782,0.9876792,0.6448204,0.27912846,0.61343455,0.99952316,0.9956527,0.20264164,0.030543508,0.9983594,0.63006467,0.98947,0.203338,0.7420093,0.67809737,0.17381153,0.042638138,0.10174448,0.7748335,0.99987936,0.39754832,0.54141974
2015-08-17,0.5502321,0.16800496,0.10955183,0.8623581,0.063039735,0.8457104,0.15562814,0.23367508,0.44691768,0.9981402,0.99920577,0.9944219,0.016751394,0.9998882,0.99886227,0.99868864,0.99774206,0.2047643,0.9517652,0.00050179736,0.9709654,0.5838951,0.69945556,0.6795925,0.026056226,0.8295152,0.9988311,0.9973073,0.9311234,0.40999106,0.9806981,0.96132416,0.1495957,0.9983197,0.06429736,0.94087434,0.36826265,0.99978584,1.069035e-05,0.7681285,0.01476029,0.009754271,0.00076056336,0.000964136,0.9990627,0.03393292,0.9840149,0.040068105,0.004373696,0.002962402,0.5540414,0.44691458,0.9929865,0.99527955
2015-09-15,0.034082267,0.7592087,0.99854773,0.32756233,0.026283447,0.99992585,0.0074507035,0.0084945075,0.84033203,0.76936156,1.7601567e-05,0.6181183,0.87141883,0.72395086,0.91687816,0.98222923,0.9999206,0.98938584,0.0007848096,0.940969,0.4523713,0.86405706,0.0021037394,0.9868285,0.28515828,0.99685246,0.9837673,0.017873976,0.83251405,0.9250545,0.86624825,0.9927496,0.9924297,0.9603005,0.015367961,0.8350747,0.9279203,0.011333703,0.003907473,0.19248836,0.58591956,0.83860844,0.15186979,0.9999045,0.0055555543,0.34607857,0.88345253,0.05106075,0.010175367,0.38436127,0.8449972,0.98986924,0.9777894,0.008253089
2015-10-13,0.96530795,0.6581634,0.9864797,0.95114475,0.9442426,0.99980503,0.6802319,0.057324577,0.8024134,0.36350563,0.9280725,0.23021315,0.9989767,0.12448822,0.83538175,0.9970939,0.029631697,0.369965,0.07612607,0.86931735,0.9949339,0.97205895,0.0003503292,0.008344104,0.96819085,0.2611485,0.9434161,0.5147172,0.04526518,0.0017856989,0.058165215,0.020377155,0.04863993,0.96163625,0.019879557,0.26734668,0.001856094,0.7467102,0.94594926,0.0029961744,0.25010568,0.0027249749,0.77096653,0.09876311,0.09643611,0.4254056,0.99992645,0.4418831,0.058054715,0.018451324,0.042595677,0.96668,0.86538255,0.048869558
2015-11-10,0.4748214,0.0013059461,0.0018397175,0.9285751,0.0012527318,0.04469586,0.9985902,0.12025907,0.044612605,0.73935735,0.0039086496,0.01857013,0.0023774146,0.82698756,0.9047864,0.8565929,0.37272966,0.7575737,0.7343927,0.97062117,0.99972147,0.978566,0.81239325,0.04627559,0.0056308047,0.9986014,0.009014076,0.99989045,0.9938314,0.0027667747,0.92266256,0.6689653,0.804282,0.9954566,0.20909436,0.10701633,0.9901002,0.9110088,0.005344356,0.14612338,0.44515535,0.9761345,0.00022410248,0.8161176,0.28665128,0.9999461,0.0010417557,0.007904722,0.035624836,0.96564466,0.999338,0.062727325,0.030409077,0.0005353385
2015-12-09,0.583682,0.99973005,0.2709912,0.0013003065,0.17523463,0.41436455,0.14867587,0.32371292,0.9858889,0.9885106,0.52572715,0.154459,0.9266356,0.0125213675,0.1710277,0.9996234,0.8152833,0.011085733,0.01941936,0.6139432,0.9411319,0.89543235,0.9402902,0.0026844647,0.9316513,0.0028892637,0.06992129,0.7006645,0.033395413,0.0059545455,0.16567317,0.91187716,0.0023573101,0.989475,0.45509955,0.71628976,0.107591555,0.16243522,0.99954385,2.9851697e-05,0.22811557,0.8892521,0.00079509936,0.86863726,0.0003752502,0.0004929138,0.0018463993,0.4729697,0.9937734,0.057273965,0.99668187,0.20549153,0.021256443,0.00879361
2016-01-08,0.97974056,2.0351245e-05,0.99996173,0.45675495,0.9803084,0.023490867,0.48277357,0.41980323,0.9919533,0.1246135,0.00081987074,0.8709724,0.97280383,0.96893823,0.31271484,0.9461686,0.9972113,0.9723985,0.43355763,0.35267946,0.98477685,0.9989446,0.00010233517,7.978934e-05,0.004345463,0.9791144,0.84631383,0.9306314,0.034814026,0.3135507,0.95057905,0.86479115,0.00497728,0.421953,0.00074030104,0.8950285,0.9665258,0.0020566394,0.99897987,0.87277156,0.014263184,0.99216765,0.0012510903,0.98167115,0.9997975,0.019168595,0.023502503,0.14251396,0.911913,0.98255485,0.9991277,0.95747435,0.49058643,0.34354103
2016-02-08,0.26801816,0.4533053,0.9993729,0.56785107,0.43545532,0.8399579,0.23120767,0.17820698,0.9933221,0.99794453,0.0022862158,0.7568951,0.99911684,0.66775966,0.71714544,0.99837303,0.11361015,0.6877758,0.00039775347,0.44792703,0.9945733,0.00021439369,0.124250874,0.9279455,0.9988336,0.95314175,0.1441418,0.9993205,0.0015765431,0.26319054,0.82001907,0.10522597,0.002221381,0.99947816,0.0048295865,0.89297175,0.0010746677,0.6025697,0.640783,0.97050357,0.83754265,0.11205224,0.024011841,0.39731452,0.064038835,0.0117817335,0.24590494,0.03236188,0.8927276,0.9923578,0.8318936,0.77612597,0.86084515,4.88733e-05
2016-03-08,0.043607023,0.798027,0.32013965,0.6732277,0.056023683,0.0063207736,0.0027577982,0.023064915,0.011448256,0.0041170847,0.99993694,0.3592772,0.025632711,0.5986567,0.9784894,0.035097405,0.9970298,0.56280845,0.09527632,0.28928334,0.964904,0.074633405,0.008459995,0.9956507,0.9214416,0.40256563,0.9807844,0.9992213,0.047486898,0.0002619372,0.99970144,0.8574793,0.9728555,0.49147257,0.96348655,0.15076277,0.9997428,0.99057883,0.99979967,5.8183192e-05,0.79273623,0.14821136,0.8831805,0.01500554,0.0047356924,0.001002682,0.99950576,0.5773032,0.24659914,0.3357366,0.6471575,0.16421469,0.98924327,0.1047782
2016-04-06,0.0011439867,0.0051745214,0.6783688,0.0015639026,0.2730311,0.015804166,0.7297297,0.21912907,0.006519636,0.5322489,0.015551047,0.99166614,0.20046166,0.073675215,0.0014000149,0.99376243,0.015556699,0.9241591,0.06843773,0.38510337,0.22975403,0.0052134986,0.7974298,0.005694081,0.02051105,0.0042898334,0.9195984,0.9992544,0.5108067,0.00048752126,0.090773985,0.9734814,0.018902246,0.8793029,0.00035535678,0.9650384,0.0010325192,0.99598986,0.8554655,0.00074300973,0.01478854,0.12526722,0.025580756,0.37425208,0.0006983778,0.5688223,0.012499878,0.018029142,0.30314392,0.9956013,0.0003707402,0.37148592,0.08175933,0.0009097881
2016-05-04,0.7073916,0.057266038,0.27270642,0.14104798,0.538175,0.050027266,0.26190758,0.06855663,0.99268883,0.9905578,0.65035194,0.005593035,0.01526915,0.9750208,0.07683626,0.002368251,0.27809837,0.00051994954,0.902854,0.003592819,0.99428225,0.9902464,0.9979893,0.040618367,0.18804953,0.05521542,0.5869621,0.08859027,0.71660703,0.0028156275,5.883448e-05,0.9743285,0.62760186,0.99170786,0.017955124,0.010036556,0.027319962,0.0024481288,0.001048318,0.9985191,0.0005230889,0.98705226,0.0019043094,0.08491702,0.986967,9.877543e-05,0.100652285,0.067066416,0.4348618,0.8367945,0.0850577,0.95993763,0.4536671,0.0025868139
2016-06-02,0.97373307,0.8283772,0.97643936,0.9836731,0.053343713,0.38920265,0.00043594648,0.036782127,0.9910046,0.2220319,0.93193614,0.20416835,0.99847585,0.0008942275,0.996849,0.0015568993,0.3403372,0.42804724,0.99413526,0.6297335,0.96513057,0.9997335,0.114534006,0.04977609,0.103869006,0.93785095,0.096592054,0.32860196,0.11597842,0.6548627,0.98966074,0.9934801,0.87848467,0.98711246,0.86031544,0.12708314,0.9581455,0.06581228,0.9851273,0.99210536,0.9686983,0.9999634,0.064223625,0.9684171,0.43138888,0.8348135,0.9847888,0.00082879036,0.30196643,0.024265533,0.06457173,0.004599737,0.9995435,0.7866018
2016-06-30,0.9918433,0.014877817,0.018512774,0.007005059,0.07147312,0.00037811886,0.6859046,0.99114424,0.9742688,0.99950504,4.399162e-05,0.7922834,0.63241893,0.0011931156,0.29131597,0.9901162,0.023951566,0.6471565,0.33705872,0.41519254,0.6465028,0.98797405,0.41131797,0.24944958,0.0024305845,0.0037972399,0.024395628,0.50917214,0.07536575,0.009032231,0.079247616,0.15064104,0.004362589,0.04967708,0.0013065266,0.9867539,0.61324185,0.1331697,0.016923027,0.7805564,0.99990606,0.9811148,0.31535524,0.8070429,0.68055904,0.87776244,0.8003151,0.8471939,0.7978843,0.9987042,0.41617897,0.62733084,0.32914665,0.45682
2016-07-29,0.21230501,0.00028468104,0.0014342039,0.94959205,0.2353715,0.22782685,0.07790783,0.92142946,0.6302547,0.5368198,0.23515274,0.99939406,0.606146,0.004821588,0.84488094,0.073831014,0.32309827,0.063949935,0.54722303,0.44972408,0.39130306,0.00044209897,0.03598944,0.9993406,0.16414273,0.021686338,0.11980729,0.01408384,0.008796092,0.007264514,0.99924856,0.8648279,0.92078274,0.79363084,0.9622242,0.9995328,0.8523741,0.007896028,0.998409,0.9783977,0.04367456,0.0070438194,0.022229126,0.95822364,0.62447757,0.998245,0.19348252,0.14815709,0.019379994,0.02630958,0.08146474,0.87761784,0.99827003,0.2011161
2016-08-26,0.0080574015,0.9655356,0.096099585,0.41147435,0.9802895,0.09694982,0.0018478507,0.23276989,0.031788062,0.009127984,0.99499315,0.87093705,0.0037492926,0.99320847,0.5819006,0.020159988,0.94424,0.90827477,0.51674765,0.1276007,0.9720597,0.9930606,0.08966284,0.8955505,0.99776614,0.15903074,0.8275411,0.35224268,0.8586086,0.31367105,0.7291231,0.71207505,0.2502161,0.7769226,0.25643945,0.9927235,0.9997044,0.49382585,0.99996436,0.19765903,0.9941705,0.0021752538,0.47350666,0.27111635,0.8203587,0.90671635,0.9366253,0.90384716,0.0031726724,0.9723078,0.6403187,0.0935981,0.9996649,0.69394076
2016-09-26,0.9997975,0.010930026,0.025132239,0.9145222,0.9581571,0.15722968,1.9086132e-05,0.8596893,0.8231135,0.9503456,0.9454502,0.04932586,0.9369952,0.99978775,0.15974644,0.054018416,0.093658306,0.0011882501,0.9994079,0.08272102,0.6396889,0.9914341,0.5098754,0.8043816,0.08001402,0.9997758,0.005382035,0.0009480394,0.036130726,0.07455665,0.58392954,0.12001356,0.9807395,0.0002056671,0.9996669,0.078124605,0.9937115,0.9106232,0.9999863,0.0007884778,0.9226028,0.5278125,0.79969245,0.9973665,0.3781783,0.9948,0.8771104,0.9863349,0.0019110617,0.4243202,0.15956114,0.4438207,0.11796702,0.82896763
2016-10-24,0.98533577,0.3129188,0.9940403,0.07139392,0.054017477,0.956172,0.08305555,0.99952805,0.9960814,0.99938333,0.52871513,0.9968369,0.0061770775,0.027517803,0.010655421,0.0060764304,0.025643446,0.4445607,0.9915624,0.6798968,0.00242256,0.99921584,0.9995752,0.9971071,0.865306,0.9998696,0.33056802,0.012317743,0.94226474,0.023266597,0.9580874,0.57450736,0.5207453,7.706567e-05,0.95938057,0.009688545,0.0021347662,0.39111558,0.9998117,0.0017239976,0.96674734,0.01010927,0.48305458,0.10359963,0.02181046,0.6683525,0.9982161,0.99938834,0.9677609,0.99998915,0.97791255,0.010906966,0.06132306,0.39427087
2016-11-21,0.99747366,0.9992699,0.00034921395,0.4357457,0.07892273,0.0016825453,0.8600013,0.9886747,0.78997695,0.9330479,0.13874662,0.9373871,0.96601826,0.00031041395,0.9883348,0.99875474,0.0027637978,0.00014548545,0.80836654,0.0051635285,0.88512653,0.74733937,0.9922072,0.50942445,0.04238484,0.9010119,0.0555944,0.0876905,0.080652356,0.31592855,0.9983583,0.00034078897,0.98802674,0.087963946,0.7925935,0.65067714,0.825669,0.06414422,0.99833244,0.00024133216,0.080374666,0.37493995,4.835016e-05,0.39527148,0.9941169,0.00016664452,0.69046456,0.9480409,0.0009973595,0.99996316,0.9992078,0.6825357,0.5669545,0.9977477
2016-12-20,0.66050386,0.18560062,0.68477976,0.0013431982,0.94105273,0.9994911,0.8802171,0.81875694,0.003802469,0.031615257,0.4672429,0.99978954,0.016874347,0.00022161427,0.77026236,0.99607605,0.9954947,0.47183907,0.10690035,1.2033724e-05,0.00033394032,0.0013986608,0.0061910744,0.06888617,0.006139791,0.614013,0.96630114,0.30867824,0.99529254,0.01202345,0.48531953,2.2722657e-05,2.3274744e-05,0.00046104015,0.98705065,0.117788464,0.00038561397,0.5229692,0.9874314,0.0006189207,0.9996234,0.005436121,0.9598323,0.99478793,0.43760177,0.0002402142,0.04201205,0.7988778,0.9997205,0.941139,0.0007943651,0.0010436435,0.027154945,0.044599243
2017-01-20,0.0054137176,7.528452e-05,0.9882317,0.0006945129,0.00073125033,0.8991715,0.266086,0.98652947,0.99957854,0.4000122,0.9993284,0.4161221,0.7865642,0.9999819,0.9893413,0.008145239,0.00010781264,0.029159436,0.040485352,0.99869823,0.802532,0.11993098,0.008800841,0.16170266,0.543718,0.24268919,0.03145005,0.6537011,0.0075359987,0.056626122,0.87722987,0.99872094,0.43013027,0.51856613,0.050656762,0.98653895,0.89456576,0.91264355,0.99997246,0.9794319,0.99938536,0.88083357,0.5660537,0.00051500346,0.019177986,0.04432238,0.9997553,0.4445851,0.052509453,0.005137878,0.0054604555,0.081552684,0.55967975,0.29670194
2017-02-17,0.9930453,0.99898475,0.9929066,0.058337573,0.9066054,0.8578612,0.5516298,0.9428576,0.98433506,0.42089,0.99906677,0.9957755,0.040788975,0.0012726348,0.95524466,0.49652234,0.14322636,0.0050276313,0.9258567,0.9511424,0.89665544,0.9998741,0.57923967,0.27198413,0.03994514,0.9857378,0.99873835,0.84584606,0.99863166,0.035775505,0.0041087545,5.7833804e-05,0.8501325,0.10827645,0.94222367,0.68712455,0.0022598268,0.9844504,0.9540386,0.18115482,0.025545454,0.00082454766,0.2932555,0.9993309,0.026512217,0.00023344903,0.04327517,0.77854764,0.9744767,0.6735308,8.887543e-05,0.99207723,0.13183056,9.497376e-06
2017-03-20,0.9760189,0.21444005,0.99756706,0.98179483,0.51723754,0.9409958,0.99781054,0.00014379567,0.16673276,0.015869398,0.99670815,0.9980836,0.0052116914,0.5080338,0.21419168,0.727215,0.48639256,0.9722124,3.8418864e-05,0.9993401,0.005144846,0.9828028,0.81976265,0.1397818,0.9791343,0.03766863,0.6898641,0.9097101,0.93250597,0.8022914,0.04935139,0.0005231692,0.99921143,0.9958294,0.9746249,0.8365459,0.0003407687,0.9998392,0.8859136,0.41020152,0.9998492,0.019976862,0.3961648,0.86595005,0.99891627,0.110981695,0.70063955,0.0071991063,0.012427407,0.0025727113,0.77629745,0.00028676083,0.57365024,0.078090884
2017-04-18,0.9361091,0.9914893,0.99997187,0.9995153,0.0028040197,0.87838674,0.24573006,0.99999547,0.9014984,0.6547385,0.7661918,0.9993061,0.5230784,0.98272735,0.26408535,0.92385286,0.9974341,0.0019948492,0.0066372915,0.0065510063,0.7519381,0.9986318,0.9977556,0.55300766,0.08833733,0.004054203,0.033393163,0.84960234,0.9747867,0.45176873,0.4757348,0.87551,0.38254872,0.17799023,0.9970456,0.9918944,0.9980149,0.06104808,0.056845594,0.33431903,0.98576295,0.01505046,0.68779266,0.99873847,0.99925345,0.56992835,0.30684677,0.04508536,0.04088058,0.9971608,0.77876073,0.9833456,0.9725218,0.8829975
2017-05-16,0.9976451,0.97761655,0.9998424,0.56998,0.9997807,0.99810284,0.99927765,0.9943089,0.01687801,0.99817777,0.031951554,0.00065466977,0.9031105,0.9717021,0.013812859,0.9437617,0.00674459,0.6500187,0.99915063,0.0011439633,0.8312225,0.0076780757,0.23454118,0.11742146,0.96081823,0.34654734,0.033428613,0.011719158,0.006950312,0.22599754,0.079307005,0.33741847,0.4403527,0.0028848571,0.22763069,0.42480296,0.21013871,0.16018364,0.08603656,0.73959655,0.006259801,0.0013298006,0.44977486,0.94419885,0.014102862,0.05977814,0.9930352,0.021519745,0.10697116,0.8825939,0.9975299,0.010876529,0.073630854,0.9988747
2017-06-14,0.03860102,0.88230866,0.03960161,0.9974964,0.00044928203,0.7180729,0.9259338,0.99944097,0.8544805,0.9999924,0.99913555,0.5642369,0.015598547,0.43932202,0.55448216,0.9423395,0.13501114,0.00012467869,3.4210623e-06,0.96875095,0.9997253,0.0013052262,0.30967373,0.03607413,0.048158865,0.13310511,0.005008761,0.6849255,0.105292626,4.4536777e-05,0.01329003,0.1894456,0.0006968735,0.7923063,0.11148605,0.9983424,0.840639,0.999845,0.98565304,0.004518329,0.0021508252,0.0004804941,0.12467926,0.05951977,0.99206537,0.9709367,0.023650533,0.022290368,0.00010657074,0.8037756,0.9994685,0.0031861858,0.006774761,0.6900649
2017-07-13,0.76799417,0.0048749433,0.99812156,0.008719252,0.5973138,0.014474336,0.0006143115,0.9806224,0.99782467,0.00020295929,0.9995223,0.49134037,0.9812321,0.022312857,0.02364502,0.17124134,0.9183352,0.9985821,0.053712316,0.99934775,0.3704493,0.084682964,0.0075922264,0.80301034,0.009764234,0.94355875,0.034704622,0.9823971,0.921742,0.2680524,0.95525867,0.04707719,0.90567577,0.49312335,0.27926037,0.11784438,0.993211,0.96955925,0.9735395,0.9973653,0.28147092,0.66742676,0.8224768,0.99640524,0.22095947,0.00015624554,0.9963486,0.1703205,0.60669494,0.008976397,5.000834e-05,0.51511973,0.76621723,0.9412435
2017-08-10,0.6818912,0.7183499,0.99741226,0.9355067,0.0006984513,0.83546877,0.014039073,0.00016828041,0.39184082,0.9873705,0.99046457,0.12263034,0.9489446,0.00058922,0.98976094,0.7237955,0.014096452,0.085418664,0.0106541095,0.0065425374,0.033569396,0.3078549,0.998396,0.60020417,0.10513003,0.0033869059,0.99304914,0.7055714,0.010977076,0.8849426,0.027018018,0.0044863867,0.9893853,0.9681425,0.9216072,0.9972596,0.07838918,0.0010007328,0.9992112,0.9292539,0.56730705,0.91815233,0.011926468,0.10479545,0.0072686626,0.9984869,0.40274554,0.9535646,0.00024404078,0.003963405,0.99686086,2.3020335e-05,0.0019587995,0.9987594
2017-09-08,0.91900843,0.09660583,0.9999472,0.42369458,0.68539846,0.00010472457,0.9999908,0.89177424,0.07564434,0.0005931123,0.99739647,0.9985032,0.99618465,0.9918887,0.32926688,0.9854124,0.9358462,0.008873129,0.5010815,0.17404741,0.9984458,0.004789859,0.009656354,0.9966509,0.98959154,0.004197107,0.0011577598,0.9321179,0.029145265,0.31201768,0.00014336086,0.02691191,0.767446,0.0633619,0.98064435,0.9780426,0.9974605,0.813485,0.31720132,0.15511122,0.0032263924,0.017882984,0.9842037,0.19513236,0.9992599,0.056957405,0.14225902,0.9863645,0.073824644,0.5059305,0.9999169,0.99744165,0.9362506,0.99895346
